{
    "model_name": "XGBoost_SMOTE",
    "test_accuracy": 0.9698375870069605,
    "test_precision": 0.9699945371174686,
    "test_recall": 0.9698375870069605,
    "test_f1": 0.9697182834303683,
    "train_accuracy": 0.9994192799070848,
    "train_precision": 0.999421496395989,
    "train_recall": 0.9994192799070848,
    "train_f1": 0.9994193503475051,
    "train_test_gap": 0.029581692900124246,
    "overfitting_status": "Good fit",
    "confusion_matrix": [
        [
            53,
            1,
            0,
            0,
            0,
            0,
            0
        ],
        [
            1,
            57,
            0,
            0,
            0,
            0,
            0
        ],
        [
            0,
            1,
            69,
            0,
            1,
            2,
            2
        ],
        [
            0,
            1,
            0,
            59,
            1,
            0,
            0
        ],
        [
            0,
            0,
            0,
            1,
            64,
            0,
            0
        ],
        [
            0,
            0,
            1,
            0,
            0,
            59,
            0
        ],
        [
            0,
            0,
            1,
            0,
            0,
            0,
            57
        ]
    ],
    "target_names": [
        "0-insufficient_weight",
        "1-normal_weight",
        "2-obesity_type_i",
        "3-obesity_type_ii",
        "4-obesity_type_iii",
        "5-overweight_level_i",
        "6-overweight_level_ii"
    ],
    "test_set_size": 431,
    "train_set_size": 1722
}